{
    "title": "Vido - Free Short Video Hosting",
    "description": "Vido is a free short video hosting platform. Upload, share, and watch short videos on Vido. Join the community of video enthusiasts!",
    "keywords": "video hosting, short videos, free video hosting, Vido, upload videos, share videos",
    "og_title": "Vido - Free Short Video Hosting",
    "og_description": "Upload, share, and watch short videos on Vido. Join the community of video enthusiasts!",
    "og_url": "https:\/\/vido.my.id",
    "og_image": "https:\/\/vido.my.id\/assets\/img\/screenshot.jpg",
    "favicon": "https:\/\/vido.my.id\/assets\/img\/favicon.ico"
}